-- MariaDB dump 10.19  Distrib 10.4.32-MariaDB, for Win64 (AMD64)
--
-- Host: localhost    Database: segurity
-- ------------------------------------------------------
-- Server version	10.4.32-MariaDB

/*!40101 SET @OLD_CHARACTER_SET_CLIENT=@@CHARACTER_SET_CLIENT */;
/*!40101 SET @OLD_CHARACTER_SET_RESULTS=@@CHARACTER_SET_RESULTS */;
/*!40101 SET @OLD_COLLATION_CONNECTION=@@COLLATION_CONNECTION */;
/*!40101 SET NAMES utf8mb4 */;
/*!40103 SET @OLD_TIME_ZONE=@@TIME_ZONE */;
/*!40103 SET TIME_ZONE='+00:00' */;
/*!40014 SET @OLD_UNIQUE_CHECKS=@@UNIQUE_CHECKS, UNIQUE_CHECKS=0 */;
/*!40014 SET @OLD_FOREIGN_KEY_CHECKS=@@FOREIGN_KEY_CHECKS, FOREIGN_KEY_CHECKS=0 */;
/*!40101 SET @OLD_SQL_MODE=@@SQL_MODE, SQL_MODE='NO_AUTO_VALUE_ON_ZERO' */;
/*!40111 SET @OLD_SQL_NOTES=@@SQL_NOTES, SQL_NOTES=0 */;

--
-- Table structure for table `bitacora`
--

DROP TABLE IF EXISTS `bitacora`;
/*!40101 SET @saved_cs_client     = @@character_set_client */;
/*!40101 SET character_set_client = utf8 */;
CREATE TABLE `bitacora` (
  `id_bitacora` int(11) NOT NULL AUTO_INCREMENT,
  `id_usuario` int(11) NOT NULL,
  `tabla` varchar(30) NOT NULL,
  `actividad` text NOT NULL,
  `fecha_hora` datetime NOT NULL,
  PRIMARY KEY (`id_bitacora`),
  KEY `id_usuario` (`id_usuario`),
  CONSTRAINT `bitacora_ibfk_1` FOREIGN KEY (`id_usuario`) REFERENCES `usuario` (`id_usuario`)
) ENGINE=InnoDB AUTO_INCREMENT=576 DEFAULT CHARSET=utf8mb4 COLLATE=utf8mb4_unicode_ci;
/*!40101 SET character_set_client = @saved_cs_client */;

--
-- Dumping data for table `bitacora`
--

LOCK TABLES `bitacora` WRITE;
/*!40000 ALTER TABLE `bitacora` DISABLE KEYS */;
INSERT INTO `bitacora` VALUES (0,1,'inicio sesion','Ha iniciado una session','2025-06-08 11:42:55'),(6,1,'inicio sesion','Ha iniciado una session','2025-03-31 11:14:41'),(7,1,'inicio sesion','Ha iniciado una session','2025-03-31 12:05:23'),(8,1,'inicio sesion','Ha iniciado una session','2025-03-31 12:22:08'),(9,1,'inicio sesion','Ha iniciado una session','2025-03-31 12:54:08'),(10,1,'cerrar session','Ha cerrado la session ','2025-03-31 12:54:37'),(11,1,'inicio sesion','Ha iniciado una session','2025-03-31 12:56:04'),(12,1,'cerrar session','Ha cerrado la session ','2025-03-31 13:32:42'),(13,1,'inicio sesion','Ha iniciado una session','2025-03-31 13:32:52'),(14,1,'inicio sesion','Ha iniciado una session','2025-03-31 13:47:10'),(15,1,'inicio sesion','Ha iniciado una session','2025-03-31 16:10:52'),(16,1,'inicio sesion','Ha iniciado una session','2025-03-31 17:04:02'),(17,1,'inicio sesion','Ha iniciado una session','2025-04-02 10:05:43'),(18,1,'inicio sesion','Ha iniciado una session','2025-04-02 11:30:21'),(19,1,'inicio sesion','Ha iniciado una session','2025-04-02 11:54:59'),(20,1,'inicio sesion','Ha iniciado una session','2025-04-03 20:46:16'),(21,1,'inicio sesion','Ha iniciado una session','2025-04-04 17:18:31'),(22,1,'cerrar session','Ha cerrado la session ','2025-04-04 23:20:21'),(23,1,'inicio sesion','Ha iniciado una session','2025-04-05 09:18:47'),(24,1,'inicio sesion','Ha iniciado una session','2025-04-14 19:18:06'),(25,1,'paciente','Ha Insertado un nuevo paciente','2025-04-14 19:20:24'),(26,1,'factura','Ha facturado servicios y/o insumos','2025-04-14 19:25:47'),(27,1,'Roles','Ha Insertado un nuevo rol','2025-04-14 20:33:40'),(28,1,'Roles','Ha Insertado un nuevo rol','2025-04-14 20:35:37'),(29,1,'Roles','Ha Modiicado un rol','2025-04-14 20:35:49'),(30,1,'Roles','Ha Eliminado un rol','2025-04-14 20:36:00'),(31,1,'Roles','Ha Eliminado un rol','2025-04-14 20:36:17'),(32,1,'Roles','Ha Eliminado un rol','2025-04-14 20:36:24'),(33,1,'Roles','Ha Insertado un nuevo rol','2025-04-14 20:36:54'),(34,1,'doctor','Ha Insertado un doctor','2025-04-14 20:39:06'),(35,1,'servicioMedico','Ha Insertado un nuevo  servicio medico','2025-04-14 20:39:21'),(36,1,'cita','Ha Insertado una  cita','2025-04-14 18:40:33'),(37,1,'inicio sesion','Ha iniciado una session','2025-04-15 10:05:28'),(38,1,'factura','Ha facturado servicios y/o insumos','2025-04-21 10:58:40'),(39,1,'inicio sesion','Ha iniciado una session','2025-04-15 15:39:07'),(40,1,'inicio sesion','Ha iniciado una session','2025-04-15 19:39:17'),(41,1,'factura','Ha facturado servicios y/o insumos','2025-04-15 21:13:58'),(42,1,'factura','Ha facturado servicios y/o insumos','2025-04-15 21:17:22'),(43,1,'cerrar session','Ha cerrado la session ','2025-04-15 21:32:10'),(44,1,'inicio sesion','Ha iniciado una session','2025-04-15 21:35:22'),(45,1,'inicio sesion','Ha iniciado una session','2025-04-16 08:27:48'),(46,1,'factura','Ha facturado servicios y/o insumos','2025-04-16 09:02:09'),(47,1,'inicio sesion','Ha iniciado una session','2025-04-16 19:16:15'),(48,1,'inicio sesion','Ha iniciado una session','2025-04-17 10:30:25'),(49,1,'factura','Ha facturado servicios y/o insumos','2025-04-17 10:47:58'),(50,1,'factura','Ha facturado servicios y/o insumos','2025-04-17 11:41:58'),(51,1,'factura','Ha facturado servicios y/o insumos','2025-04-17 11:42:22'),(52,1,'inicio sesion','Ha iniciado una session','2025-04-17 15:14:04'),(53,1,'factura','Ha facturado servicios y/o insumos','2025-04-17 15:27:56'),(54,1,'cerrar session','Ha cerrado la session ','2025-04-17 16:16:48'),(55,1,'inicio sesion','Ha iniciado una session','2025-04-17 16:16:56'),(56,1,'cerrar session','Ha cerrado la session ','2025-04-17 17:05:12'),(57,1,'inicio sesion','Ha iniciado una session','2025-04-17 17:05:56'),(58,1,'inicio sesion','Ha iniciado una session','2025-04-18 10:40:46'),(59,1,'doctor','Ha Insertado un doctor','2025-04-18 10:53:27'),(60,1,'servicioMedico','Ha Insertado un nuevo  servicio medico','2025-04-18 10:56:52'),(61,1,'cita','Ha Insertado una  cita','2025-04-18 09:01:22'),(62,1,'inicio sesion','Ha iniciado una session','2025-04-19 10:54:18'),(63,1,'inicio sesion','Ha iniciado una session','2025-04-19 11:17:57'),(64,1,'cerrar session','Ha cerrado la session ','2025-04-19 11:58:37'),(65,1,'inicio sesion','Ha iniciado una session','2025-04-19 21:09:28'),(66,1,'cerrar session','Ha cerrado la session ','2025-04-19 21:11:06'),(67,1,'inicio sesion','Ha iniciado una session','2025-04-19 21:17:04'),(68,1,'inicio sesion','Ha iniciado una session','2025-04-20 10:04:51'),(69,1,'Roles','Ha Modiicado un rol','2025-04-20 10:19:51'),(70,1,'Roles','Ha Modiicado un rol','2025-04-20 10:20:18'),(71,1,'Roles','Ha Modiicado un rol','2025-04-20 10:35:40'),(72,1,'Roles','Ha Modiicado un rol','2025-04-20 10:49:30'),(73,1,'Roles','Ha Modiicado un rol','2025-04-20 10:50:25'),(74,1,'Roles','Ha Modiicado un rol','2025-04-20 10:52:12'),(75,1,'Roles','Ha Modiicado un rol','2025-04-20 10:52:59'),(76,1,'Roles','Ha Modiicado un rol','2025-04-20 10:53:02'),(77,1,'Roles','Ha Modiicado un rol','2025-04-20 10:54:04'),(78,1,'Roles','Ha Modiicado un rol','2025-04-20 10:54:36'),(79,1,'Roles','Ha Modiicado un rol','2025-04-20 10:54:48'),(80,1,'Roles','Ha Modiicado un rol','2025-04-20 10:54:53'),(81,1,'Roles','Ha Modiicado un rol','2025-04-20 10:55:11'),(82,1,'Roles','Ha Modiicado un rol','2025-04-20 11:07:04'),(83,1,'Roles','Ha Modiicado un rol','2025-04-20 11:07:27'),(84,1,'Roles','Ha Modiicado un rol','2025-04-20 11:08:45'),(85,1,'Roles','Ha Modiicado un rol','2025-04-20 11:09:04'),(86,1,'Roles','Ha Modiicado un rol','2025-04-20 11:09:19'),(87,1,'Roles','Ha Insertado un nuevo rol','2025-04-20 11:13:53'),(88,1,'Roles','Ha Eliminado un rol','2025-04-20 11:14:09'),(89,1,'Roles','Ha Modiicado un rol','2025-04-20 11:17:33'),(90,1,'Roles','Ha Modiicado un rol','2025-04-20 11:17:42'),(91,1,'categoria_servicio','Ha eliminado una  categoria','2025-04-20 11:24:29'),(92,1,'inicio sesion','Ha iniciado una session','2025-04-21 16:13:23'),(93,1,'factura','Ha facturado servicios y/o insumos','2025-04-21 16:46:06'),(94,1,'entrada','Ha insertado una entrada','2025-04-21 16:48:42'),(95,1,'factura','Ha facturado servicios y/o insumos','2025-04-21 17:15:28'),(96,1,'factura','Ha facturado servicios y/o insumos','2025-04-21 17:16:21'),(97,1,'factura','Ha facturado servicios y/o insumos','2025-04-21 17:30:59'),(98,1,'inicio sesion','Ha iniciado una session','2025-04-21 19:31:34'),(99,1,'entrada','Ha insertado una entrada','2025-04-21 19:39:46'),(100,1,'factura','Ha facturado servicios y/o insumos','2025-04-21 19:41:28'),(101,1,'factura','Ha facturado servicios y/o insumos','2025-04-21 19:51:30'),(102,1,'factura','Ha facturado servicios y/o insumos','2025-04-21 19:54:51'),(103,1,'entrada','Ha insertado una entrada','2025-04-21 19:59:19'),(104,1,'factura','Ha facturado servicios y/o insumos','2025-04-21 20:00:00'),(105,1,'factura','Ha facturado servicios y/o insumos','2025-04-21 20:03:13'),(106,1,'factura','Ha facturado servicios y/o insumos','2025-04-21 20:05:17'),(107,1,'inicio sesion','Ha iniciado una session','2025-04-21 20:08:29'),(108,1,'inicio sesion','Ha iniciado una session','2025-04-22 10:45:39'),(109,1,'inicio sesion','Ha iniciado una session','2025-04-22 10:47:29'),(110,1,'inicio sesion','Ha iniciado una session','2025-04-22 11:09:02'),(111,1,'proveedor','Ha modificado un proveedor','2025-04-22 11:28:19'),(112,1,'Roles','Ha Insertado un nuevo rol','2025-04-22 12:41:55'),(113,1,'cerrar session','Ha cerrado la session ','2025-04-22 12:42:49'),(114,1,'inicio sesion','Ha iniciado una session','2025-04-22 12:43:20'),(115,1,'inicio sesion','Ha iniciado una session','2025-04-27 21:00:54'),(116,1,'cerrar session','Ha cerrado la session ','2025-04-27 21:03:03'),(117,1,'inicio sesion','Ha iniciado una session','2025-04-27 21:26:17'),(118,1,'cerrar session','Ha cerrado la session ','2025-04-27 21:28:33'),(119,1,'inicio sesion','Ha iniciado una session','2025-04-27 21:28:43'),(120,1,'control','Ha modificado un  control medico','2025-04-27 21:33:26'),(121,1,'control','Ha modificado un  control medico','2025-04-27 21:33:39'),(122,1,'sintomas','Ha Insertado un  sintoma','2025-04-27 21:37:41'),(123,1,'sintomas','Ha eliminado un  sintoma','2025-04-27 21:37:49'),(124,1,'cerrar session','Ha cerrado la session ','2025-04-27 21:56:58'),(125,1,'inicio sesion','Ha iniciado una session','2025-04-27 21:57:29'),(126,1,'inicio sesion','Ha iniciado una session','2025-04-28 14:37:36'),(127,1,'hospitalizacion','Ha Insertado una hospitalizacion','2025-04-28 14:38:01'),(128,1,'hospitalizacion','Ha modificado una hospitalizacion','2025-04-28 14:38:29'),(129,1,'hospitalizacion','Ha Insertado una hospitalizacion','2025-04-28 14:42:27'),(130,1,'inicio sesion','Ha iniciado una session','2025-04-29 01:41:48'),(131,1,'hospitalizacion','Ha eliminado una hospitalizacion','2025-04-29 02:54:29'),(132,1,'hospitalizacion','Ha eliminado una hospitalizacion','2025-04-29 02:54:38'),(133,1,'insumo','Ha Insertado un insumo','2025-04-29 03:23:45'),(134,1,'hospitalizacion','Ha Insertado una hospitalizacion','2025-04-29 03:32:05'),(135,1,'hospitalizacion','Ha modificado una hospitalizacion','2025-04-29 03:32:17'),(136,1,'inicio sesion','Ha iniciado una session','2025-04-29 11:38:32'),(137,1,'inicio sesion','Ha iniciado una session','2025-04-29 12:25:47'),(138,1,'cerrar session','Ha cerrado la session ','2025-04-29 12:29:02'),(139,1,'inicio sesion','Ha iniciado una session','2025-04-29 12:29:39'),(140,1,'cerrar session','Ha cerrado la session ','2025-04-29 12:35:09'),(141,1,'inicio sesion','Ha iniciado una session','2025-04-29 12:35:32'),(142,1,'inicio sesion','Ha iniciado una session','2025-05-01 11:11:28'),(143,1,'inicio sesion','Ha iniciado una session','2025-05-01 14:35:55'),(144,1,'factura','Ha facturado servicios y/o insumos','2025-05-01 15:12:29'),(145,1,'factura','Ha facturado servicios y/o insumos','2025-05-01 15:22:06'),(146,1,'factura','Ha facturado servicios y/o insumos','2025-05-01 15:22:47'),(147,1,'factura','Ha facturado servicios y/o insumos','2025-05-01 15:54:12'),(148,1,'cerrar session','Ha cerrado la session ','2025-05-01 16:23:01'),(149,1,'inicio sesion','Ha iniciado una session','2025-05-01 16:55:24'),(150,1,'inicio sesion','Ha iniciado una session','2025-05-01 18:01:42'),(151,1,'inicio sesion','Ha iniciado una session','2025-05-02 09:14:38'),(152,1,'Roles','Ha Modiicado un rol','2025-05-02 09:46:35'),(153,1,'cerrar session','Ha cerrado la session ','2025-05-02 09:46:41'),(154,1,'inicio sesion','Ha iniciado una session','2025-05-02 09:47:54'),(155,1,'hospitalizacion','Ha modificado una hospitalizacion','2025-05-02 11:09:19'),(156,1,'insumo','Ha Insertado un insumo','2025-05-02 11:37:07'),(157,1,'inicio sesion','Ha iniciado una session','2025-05-02 15:39:42'),(158,1,'insumo','Ha eliminado un insumo','2025-05-02 15:49:40'),(159,1,'insumo','Ha eliminado un insumo','2025-05-02 15:49:46'),(160,1,'insumo','Ha Insertado un insumo','2025-05-02 15:51:38'),(161,1,'insumo','Ha eliminado un insumo','2025-05-02 15:52:48'),(162,1,'insumo','Ha eliminado un insumo','2025-05-02 15:52:56'),(163,1,'entrada','Ha insertado una entrada','2025-05-02 15:59:16'),(164,1,'insumo','Ha modificado un insumo','2025-05-02 16:01:29'),(165,1,'insumo','Ha modificado un insumo','2025-05-02 16:01:50'),(166,1,'insumo','Ha modificado un insumo','2025-05-02 16:05:15'),(167,1,'insumo','Ha modificado un insumo','2025-05-02 16:08:31'),(168,1,'insumo','Ha modificado un insumo','2025-05-02 16:09:52'),(169,1,'inicio sesion','Ha iniciado una session','2025-05-03 08:08:17'),(170,1,'cita','Ha Insertado una  cita','2025-05-03 08:02:42'),(171,1,'factura','Ha facturado servicios y/o insumos','2025-05-03 10:03:37'),(172,1,'cerrar session','Ha cerrado la session ','2025-05-03 10:03:50'),(173,1,'inicio sesion','Ha iniciado una session','2025-05-03 10:04:05'),(174,42,'inicio sesion','Ha iniciado una session','2025-05-03 10:05:34'),(175,42,'cerrar session','Ha cerrado la session ','2025-05-03 10:18:27'),(176,1,'inicio sesion','Ha iniciado una session','2025-05-03 11:06:03'),(177,1,'cita','Ha Insertado una  cita','2025-05-03 09:18:06'),(178,1,'factura','Ha facturado servicios y/o insumos','2025-05-03 11:42:13'),(179,1,'inicio sesion','Ha iniciado una session','2025-05-03 20:05:34'),(180,1,'inicio sesion','Ha iniciado una session','2025-05-03 20:28:49'),(181,1,'inicio sesion','Ha iniciado una session','2025-05-03 21:10:14'),(182,1,'inicio sesion','Ha iniciado una session','2025-05-04 20:33:30'),(183,1,'patologia','Ha Insertado una patologia','2025-05-04 20:37:52'),(184,1,'paciente','Ha modificado un paciente','2025-05-04 20:45:17'),(185,1,'inicio sesion','Ha iniciado una session','2025-05-05 09:35:01'),(186,1,'servicioMedico','Ha Insertado un nuevo  servicio medico','2025-05-05 09:56:34'),(187,1,'servicioMedico','Ha Insertado un nuevo  servicio medico','2025-05-05 09:58:17'),(188,1,'servicioMedico','Ha Insertado un nuevo  servicio medico','2025-05-05 10:06:56'),(189,1,'servicioMedico','Ha Insertado un nuevo  servicio medico','2025-05-05 10:08:30'),(190,1,'servicioMedico','Ha eliminado un   servicio medico','2025-05-05 10:19:39'),(191,1,'servicioMedico','Ha eliminado un   servicio medico','2025-05-05 10:19:42'),(192,1,'servicioMedico','Ha eliminado un   servicio medico','2025-05-05 10:19:46'),(193,1,'servicioMedico','Ha eliminado un   servicio medico','2025-05-05 10:19:50'),(194,1,'servicioMedico','Ha eliminado un   servicio medico','2025-05-05 10:19:53'),(195,1,'inicio sesion','Ha iniciado una session','2025-05-05 19:24:49'),(196,1,'insumo','Ha Insertado un insumo','2025-05-05 20:04:03'),(197,1,'entrada','Ha insertado una entrada','2025-05-05 20:08:16'),(198,1,'factura','Ha facturado servicios y/o insumos','2025-05-05 20:10:41'),(199,1,'entrada','Ha eliminado una entrada','2025-05-05 20:16:24'),(200,1,'servicioMedico','Ha Insertado un nuevo  servicio medico','2025-05-05 20:39:13'),(201,1,'servicioMedico','Ha modificadp un servicio medico','2025-05-05 20:42:53'),(202,1,'servicioMedico','Ha eliminado un   servicio medico','2025-05-05 20:43:12'),(203,1,'inicio sesion','Ha iniciado una session','2025-05-07 16:16:11'),(204,1,'factura','Ha facturado servicios y/o insumos','2025-05-07 21:27:14'),(205,1,'factura','Ha facturado servicios y/o insumos','2025-05-07 21:30:01'),(206,1,'factura','Ha facturado servicios y/o insumos','2025-05-07 21:30:49'),(207,1,'factura','Ha facturado servicios y/o insumos','2025-05-07 21:31:45'),(208,1,'insumo','Ha eliminado un insumo','2025-05-07 21:32:10'),(209,1,'insumo','Ha Insertado un insumo','2025-05-07 21:35:10'),(210,1,'factura','Ha facturado servicios y/o insumos','2025-05-07 21:35:50'),(211,1,'servicioMedico','Ha Insertado un nuevo  servicio medico','2025-05-07 21:39:45'),(212,1,'servicioMedico','Ha modificadp un servicio medico','2025-05-07 22:14:16'),(213,1,'proveedor','Ha modificado un proveedor','2025-05-07 22:23:23'),(214,1,'cerrar session','Ha cerrado la session ','2025-05-07 22:25:18'),(215,42,'inicio sesion','Ha iniciado una session','2025-05-07 22:25:22'),(216,1,'inicio sesion','Ha iniciado una session','2025-05-07 22:25:39'),(217,1,'cerrar session','Ha cerrado la session ','2025-05-07 22:25:56'),(218,42,'inicio sesion','Ha iniciado una session','2025-05-07 22:25:59'),(219,42,'patologia','Ha Insertado una patologia','2025-05-07 22:26:27'),(220,42,'cerrar session','Ha cerrado la session ','2025-05-07 22:26:33'),(221,1,'inicio sesion','Ha iniciado una session','2025-05-07 22:26:36'),(222,1,'inicio sesion','Ha iniciado una session','2025-05-08 09:58:46'),(223,1,'insumo','Ha Insertado un insumo','2025-05-08 10:25:09'),(224,1,'insumo','Ha eliminado un insumo','2025-05-08 10:25:48'),(225,1,'insumo','Ha Insertado un insumo','2025-05-08 10:39:37'),(226,1,'insumo','Ha Insertado un insumo','2025-05-08 10:43:52'),(227,1,'insumo','Ha eliminado un insumo','2025-05-08 10:43:59'),(228,1,'inicio sesion','Ha iniciado una session','2025-05-09 10:48:22'),(229,1,'inicio sesion','Ha iniciado una session','2025-05-12 09:28:51'),(230,1,'cerrar session','Ha cerrado la session ','2025-05-12 11:20:25'),(231,1,'inicio sesion','Ha iniciado una session','2025-05-12 11:23:03'),(232,1,'inicio sesion','Ha iniciado una session','2025-05-12 11:27:59'),(233,1,'inicio sesion','Ha iniciado una session','2025-05-12 11:33:54'),(234,1,'servicioMedico','Ha modificadp un servicio medico','2025-05-12 13:07:37'),(235,1,'Roles','Ha Modiicado un rol','2025-05-12 13:49:08'),(236,1,'Roles','Ha Modiicado un rol','2025-05-12 13:50:19'),(237,1,'cerrar session','Ha cerrado la session ','2025-05-12 13:50:35'),(238,1,'inicio sesion','Ha iniciado una session','2025-05-12 13:50:38'),(239,1,'categoria_servicio','Ha Insertado una nueva  categoria','2025-05-12 14:50:13'),(240,1,'categoria_servicio','Ha Insertado una nueva  categoria','2025-05-12 14:50:24'),(241,1,'categoria_servicio','Ha Insertado una nueva  categoria','2025-05-12 14:51:02'),(242,1,'servicioMedico','Ha Insertado un nuevo  servicio medico','2025-05-12 14:51:11'),(243,1,'servicioMedico','Ha Insertado un nuevo  servicio medico','2025-05-12 14:51:18'),(244,1,'servicioMedico','Ha Insertado un nuevo  servicio medico','2025-05-12 14:51:26'),(245,1,'servicioMedico','Ha eliminado un   servicio medico','2025-05-12 14:51:33'),(246,1,'servicioMedico','Ha eliminado un   servicio medico','2025-05-12 14:51:40'),(247,1,'inicio sesion','Ha iniciado una session','2025-05-15 09:49:59'),(248,1,'inicio sesion','Ha iniciado una session','2025-05-15 09:57:46'),(249,1,'paciente','Ha Insertado un nuevo paciente','2025-05-15 10:20:04'),(250,1,'paciente','Ha Insertado un nuevo paciente','2025-05-15 10:20:50'),(251,1,'inicio sesion','Ha iniciado una session','2025-05-15 11:59:34'),(252,1,'insumo','Ha Insertado un insumo','2025-05-22 12:49:23'),(253,1,'hospitalizacion','Ha modificado una hospitalizacion','2025-05-22 12:49:56'),(254,1,'factura','Ha facturado servicios y/o insumos','2025-05-22 14:02:01'),(255,1,'inicio sesion','Ha iniciado una session','2025-05-22 20:23:40'),(256,1,'cerrar session','Ha cerrado la session ','2025-05-23 08:10:11'),(257,1,'inicio sesion','Ha iniciado una session','2025-05-23 08:10:27'),(258,1,'cerrar session','Ha cerrado la session ','2025-05-23 08:10:44'),(259,1,'inicio sesion','Ha iniciado una session','2025-05-23 08:16:29'),(260,1,'cerrar session','Ha cerrado la session ','2025-05-23 08:17:03'),(261,1,'inicio sesion','Ha iniciado una session','2025-05-23 08:17:14'),(262,1,'cerrar session','Ha cerrado la session ','2025-05-23 08:17:32'),(263,1,'inicio sesion','Ha iniciado una session','2025-05-23 08:17:42'),(264,1,'hospitalizacion','Ha Insertado una hospitalizacion','2025-05-23 08:19:25'),(265,1,'Consultas','Ha añadido un servicio medico a un doctor','2025-05-23 09:05:29'),(266,1,'cerrar session','Ha cerrado la session ','2025-05-24 09:39:07'),(267,1,'inicio sesion','Ha iniciado una session','2025-05-24 11:09:46'),(268,1,'inicio sesion','Ha iniciado una session','2025-05-25 21:03:46'),(269,1,'inicio sesion','Ha iniciado una session','2025-05-26 19:08:40'),(270,1,'inicio sesion','Ha iniciado una session','2025-05-27 15:18:09'),(271,1,'cita','Ha Insertado una  cita','2025-05-27 14:10:10'),(272,1,'cita','Ha Insertado una  cita','2025-05-27 15:11:35'),(273,1,'cita','Ha Insertado una  cita','2025-05-27 15:21:09'),(274,1,'cita','Ha Insertado una  cita','2025-05-27 15:23:28'),(275,1,'cita','Ha Insertado una  cita','2025-05-27 15:30:42'),(276,1,'cita','Ha Insertado una  cita','2025-05-27 15:40:57'),(277,1,'cerrar session','Ha cerrado la session ','2025-06-08 11:58:27'),(278,1,'inicio sesion','Ha iniciado una session','2025-06-08 16:34:47'),(279,1,'Perfil','Ha modificado un perfil','2025-06-08 17:09:30'),(280,1,'inicio sesion','Ha iniciado una session','2025-06-08 17:09:34'),(281,1,'inicio sesion','Ha iniciado una session','2025-06-09 09:22:48'),(282,1,'inicio sesion','Ha iniciado una session','2025-06-27 11:22:30'),(283,1,'hospitalizacion','Ha modificado una hospitalizacion','2025-06-27 15:46:30'),(284,1,'hospitalizacion','Ha modificado una hospitalizacion','2025-06-27 15:47:27'),(285,1,'inicio sesion','Ha iniciado una session','2025-06-27 18:57:44'),(286,1,'patologia','Ha eliminado una patologia','2025-06-27 18:59:30'),(287,1,'patologia','Ha restablecido una patologia','2025-06-27 19:00:00'),(288,1,'patologia','Ha eliminado una patologia','2025-06-27 19:00:14'),(289,1,'hospitalizacion','Ha modificado una hospitalizacion','2025-06-27 19:05:19'),(290,1,'hospitalizacion','Ha modificado una hospitalizacion','2025-06-27 19:07:27'),(291,1,'cerrar session','Ha cerrado la session ','2025-06-27 23:39:02'),(292,1,'inicio sesion','Ha iniciado una session','2025-06-27 23:39:18'),(293,1,'hospitalizacion','Ha modificado una hospitalizacion','2025-06-27 23:41:09'),(294,1,'paciente','Ha modificado un paciente','2025-06-27 23:41:59'),(295,1,'paciente','Ha modificado un paciente','2025-06-27 23:42:23'),(296,1,'mantenimiento','Se ha restablecido la base de datos(bd-2025-06-27.zip) desde el respaldo','2025-06-29 19:20:14'),(297,1,'hospitalizacion','Ha modificado una hospitalizacion','2025-06-29 19:30:56'),(298,1,'inicio sesion','Ha iniciado una session','2025-06-30 15:14:18'),(299,1,'hospitalizacion','Ha Insertado una hospitalizacion','2025-06-30 15:14:50'),(300,1,'factura','Ha facturado servicios y/o insumos','2025-06-30 16:33:23'),(301,1,'inicio sesion','Ha iniciado una session','2025-07-02 16:01:51'),(302,1,'mantenimiento','Se ha realizado una descarga del respaldo de la base de datos','2025-07-02 16:02:40'),(303,1,'inicio sesion','Ha iniciado una session','2025-07-03 14:43:51'),(304,1,'mantenimiento','Se ha realizado una descarga del respaldo de la base de datos','2025-07-03 14:44:35'),(305,1,'mantenimiento','Se ha realizado una descarga del respaldo de la base de datos','2025-07-03 14:49:19'),(306,1,'mantenimiento','Se ha realizado una descarga del respaldo de la base de datos','2025-07-03 14:49:52'),(307,1,'mantenimiento','Se ha realizado una descarga del respaldo de la base de datos','2025-07-03 16:52:12'),(308,1,'mantenimiento','Se ha realizado una descarga del respaldo de la base de datos','2025-07-03 16:52:52'),(309,1,'mantenimiento','Se ha realizado una descarga del respaldo de la base de datos','2025-07-03 16:53:01'),(310,1,'inicio sesion','Ha iniciado una session','2025-07-04 10:57:51'),(311,1,'mantenimiento','Se ha realizado una descarga del respaldo de la base de datos','2025-07-04 10:58:22'),(312,1,'mantenimiento','Se ha realizado una descarga del respaldo de la base de datos','2025-07-04 11:10:57'),(313,1,'mantenimiento','Se ha realizado una descarga del respaldo de la base de datos','2025-07-04 11:20:33'),(314,1,'mantenimiento','Se ha realizado una descarga del respaldo de la base de datos','2025-07-04 11:52:58'),(315,1,'mantenimiento','Se ha realizado una descarga del respaldo de la base de datos','2025-07-04 11:53:29'),(316,1,'mantenimiento','Se ha realizado una descarga del respaldo de la base de datos','2025-07-04 11:54:55'),(317,1,'cerrar session','Ha cerrado la session ','2025-07-04 12:32:22'),(318,1,'inicio sesion','Ha iniciado una session','2025-07-04 12:32:34'),(319,1,'cerrar session','Ha cerrado la session ','2025-07-04 12:33:10'),(320,1,'inicio sesion','Ha iniciado una session','2025-07-04 12:33:28'),(321,1,'mantenimiento','Se ha restablecido la base de datos(bd-2025-07-04) desde el respaldo','2025-09-04 16:04:16'),(322,1,'hospitalizacion','Ha Insertado una hospitalizacion','2025-09-04 16:04:50'),(323,1,'hospitalizacion','Ha modificado una hospitalizacion','2025-09-04 16:04:59'),(324,1,'hospitalizacion','Ha modificado una hospitalizacion','2025-09-04 16:04:59'),(325,1,'hospitalizacion','Ha modificado una hospitalizacion','2025-09-04 16:28:41'),(326,1,'hospitalizacion','Ha modificado una hospitalizacion','2025-09-04 16:28:50'),(327,1,'hospitalizacion','Ha modificado una hospitalizacion','2025-09-04 16:29:08'),(328,1,'hospitalizacion','Ha modificado una hospitalizacion','2025-09-04 16:29:13'),(329,1,'hospitalizacion','Ha modificado una hospitalizacion','2025-09-04 16:29:20'),(330,1,'hospitalizacion','Ha modificado una hospitalizacion','2025-09-04 16:29:31'),(331,1,'inicio sesion','Ha iniciado una session','2025-09-06 12:25:10'),(332,1,'hospitalizacion','Ha modificado una hospitalizacion','2025-09-06 12:27:46'),(333,1,'hospitalizacion','Ha modificado una hospitalizacion','2025-09-06 12:27:56'),(334,1,'hospitalizacion','Ha eliminado una hospitalizacion','2025-09-06 12:28:00'),(335,1,'hospitalizacion','Ha Insertado una hospitalizacion','2025-09-06 13:26:40'),(336,1,'hospitalizacion','Ha modificado una hospitalizacion','2025-09-06 13:27:30'),(337,1,'hospitalizacion','Ha modificado una hospitalizacion','2025-09-06 13:27:51'),(338,1,'inicio sesion','Ha iniciado una session','2025-09-08 11:19:34'),(339,1,'hospitalizacion','Ha modificado una hospitalizacion','2025-09-08 11:19:52'),(340,1,'hospitalizacion','Ha modificado una hospitalizacion','2025-09-08 11:19:58'),(341,1,'hospitalizacion','Ha eliminado una hospitalizacion','2025-09-08 12:34:46'),(342,1,'hospitalizacion','Ha modificado una hospitalizacion','2025-09-08 13:14:48'),(343,1,'hospitalizacion','Ha modificado una hospitalizacion','2025-09-08 13:14:59'),(344,1,'hospitalizacion','Ha eliminado una hospitalizacion','2025-09-08 13:15:43'),(345,1,'inicio sesion','Ha iniciado una session','2025-09-12 11:22:52'),(346,1,'hospitalizacion','Ha Insertado una hospitalizacion','2025-09-12 11:23:16'),(347,1,'hospitalizacion','Ha modificado una hospitalizacion','2025-09-12 11:23:44'),(348,1,'hospitalizacion','Ha modificado una hospitalizacion','2025-09-12 11:23:52'),(349,1,'hospitalizacion','Ha modificado una hospitalizacion','2025-09-12 11:24:03'),(350,1,'hospitalizacion','Ha modificado una hospitalizacion','2025-09-12 11:25:16'),(351,1,'hospitalizacion','Ha modificado una hospitalizacion','2025-09-12 11:25:23'),(352,1,'inicio sesion','Ha iniciado una session','2025-09-12 15:44:20'),(353,1,'inicio sesion','Ha iniciado una session','2025-09-14 14:34:54'),(354,1,'hospitalizacion','Ha modificado una hospitalizacion','2025-09-14 14:35:56'),(355,1,'hospitalizacion','Ha modificado una hospitalizacion','2025-09-14 14:36:50'),(356,1,'factura','Ha facturado servicios y/o insumos','2025-09-14 14:37:03'),(357,1,'hospitalizacion','Ha Insertado una hospitalizacion','2025-09-14 14:38:02'),(358,1,'hospitalizacion','Ha modificado una hospitalizacion','2025-09-14 14:38:36'),(359,1,'hospitalizacion','Ha eliminado una hospitalizacion','2025-09-14 14:38:39'),(360,1,'inicio sesion','Ha iniciado una session','2025-09-15 12:48:00'),(361,1,'mantenimiento','Se ha realizado una descarga del respaldo de la base de datos','2025-09-15 12:48:52'),(362,1,'inicio sesion','Ha iniciado una session','2025-09-17 14:07:44'),(363,1,'paciente','Ha Insertado un nuevo paciente','2025-09-17 14:13:22'),(364,1,'factura','Ha facturado servicios y/o insumos','2025-09-17 14:17:19'),(365,1,'cita','Ha Insertado una  cita','2025-09-17 12:23:20'),(366,1,'inicio sesion','Ha iniciado una session','2025-09-19 17:10:57'),(367,1,'mantenimiento','Se ha realizado una descarga del respaldo de la base de datos','2025-09-19 17:12:31'),(368,1,'hospitalizacion','Ha Insertado una hospitalizacion','2025-09-19 17:13:32'),(369,1,'hospitalizacion','Ha modificado una hospitalizacion','2025-09-19 17:21:51'),(370,1,'hospitalizacion','Ha modificado una hospitalizacion','2025-09-19 17:21:55'),(371,1,'cerrar session','Ha cerrado la session ','2025-09-19 17:45:40'),(372,1,'inicio sesion','Ha iniciado una session','2025-09-19 17:45:48'),(373,1,'hospitalizacion','Ha modificado una hospitalizacion','2025-09-19 17:50:49'),(374,1,'hospitalizacion','Ha modificado una hospitalizacion','2025-09-19 17:50:54'),(375,1,'hospitalizacion','Ha modificado una hospitalizacion','2025-09-19 17:57:33'),(376,1,'hospitalizacion','Ha modificado una hospitalizacion','2025-09-19 17:58:00'),(377,1,'hospitalizacion','Ha eliminado una hospitalizacion','2025-09-19 18:04:07'),(378,1,'hospitalizacion','Ha Insertado una hospitalizacion','2025-09-19 18:06:04'),(379,1,'hospitalizacion','Ha modificado una hospitalizacion','2025-09-19 18:07:14'),(380,1,'hospitalizacion','Ha modificado una hospitalizacion','2025-09-19 18:07:21'),(381,1,'hospitalizacion','Ha modificado una hospitalizacion','2025-09-19 18:07:38'),(382,1,'hospitalizacion','Ha modificado una hospitalizacion','2025-09-19 18:08:02'),(383,1,'hospitalizacion','Ha modificado una hospitalizacion','2025-09-19 18:08:18'),(384,1,'hospitalizacion','Ha modificado una hospitalizacion','2025-09-19 18:09:08'),(385,1,'hospitalizacion','Ha modificado una hospitalizacion','2025-09-19 18:09:34'),(386,1,'inicio sesion','Ha iniciado una session','2025-09-26 11:28:00'),(387,1,'hospitalizacion','Ha eliminado una hospitalizacion','2025-09-26 11:35:05'),(388,1,'hospitalizacion','Ha Insertado una hospitalizacion','2025-09-26 11:36:00'),(389,1,'factura','Ha facturado servicios y/o insumos','2025-09-26 11:37:36'),(390,1,'hospitalizacion','Ha Insertado una hospitalizacion','2025-09-26 11:41:58'),(391,1,'control','Ha Insertado un nuevo  control medico','2025-09-26 11:46:27'),(392,1,'inicio sesion','Ha iniciado una session','2025-09-29 16:47:07'),(393,1,'Perfil','Ha modificado un perfil','2025-09-29 16:47:22'),(394,1,'Perfil','Ha modificado un perfil','2025-09-29 16:47:38'),(395,1,'inicio sesion','Ha iniciado una session','2025-09-29 17:22:46'),(396,1,'paciente','Ha modificado un paciente','2025-09-29 17:25:18'),(397,1,'inicio sesion','Ha iniciado una session','2025-09-29 22:53:59'),(398,1,'paciente','Ha modificado un paciente','2025-09-29 23:22:11'),(399,1,'paciente','Ha Insertado un nuevo paciente','2025-09-29 23:24:47'),(400,1,'sintomas','Ha eliminado un  sintoma','2025-09-29 23:33:18'),(401,1,'sintomas','Ha eliminado un  sintoma','2025-09-29 23:33:29'),(402,1,'sintomas','Ha Insertado un  sintoma','2025-09-29 23:34:50'),(403,1,'sintomas','Ha eliminado un  sintoma','2025-09-29 23:34:56'),(404,1,'sintomas','Ha Insertado un  sintoma','2025-09-29 23:35:21'),(405,1,'inicio sesion','Ha iniciado una session','2025-09-30 11:48:08'),(406,1,'paciente','Ha modificado un paciente','2025-09-30 11:50:16'),(407,1,'sintomas','Ha eliminado un  sintoma','2025-09-30 12:41:40'),(408,1,'sintomas','Ha Insertado un  sintoma','2025-09-30 12:42:13'),(409,1,'sintomas','Ha eliminado un  sintoma','2025-09-30 12:42:17'),(410,1,'paciente','Ha modificado un paciente','2025-09-30 12:44:10'),(411,1,'paciente','Ha Insertado un nuevo paciente','2025-09-30 12:45:23'),(412,1,'paciente','Ha restablecido un paciente','2025-09-30 12:46:00'),(413,1,'paciente','Ha eliminado un  paciente','2025-09-30 12:46:20'),(414,1,'patologia','Ha eliminado una patologia','2025-09-30 12:51:30'),(415,1,'patologia','Ha eliminado una patologia','2025-09-30 12:52:14'),(416,1,'patologia','Ha eliminado una patologia','2025-09-30 12:52:53'),(417,1,'patologia','Ha Insertado una patologia','2025-09-30 12:53:09'),(418,1,'entrada','Ha eliminado una entrada','2025-09-30 12:59:47'),(419,1,'entrada','Ha eliminado una entrada','2025-09-30 13:10:08'),(420,1,'entrada','Ha insertado una entrada','2025-09-30 13:10:45'),(421,1,'entrada','Ha insertado una entrada','2025-09-30 13:11:00'),(422,1,'entrada','Ha insertado una entrada','2025-09-30 13:11:11'),(423,1,'entrada','Ha insertado una entrada','2025-09-30 13:11:25'),(424,1,'entrada','Ha insertado una entrada','2025-09-30 13:11:43'),(425,1,'entrada','Ha insertado una entrada','2025-09-30 13:13:24'),(426,1,'entrada','Ha insertado una entrada','2025-09-30 13:13:40'),(427,1,'entrada','Ha insertado una entrada','2025-09-30 13:18:42'),(428,1,'entrada','Ha insertado una entrada','2025-09-30 13:18:53'),(429,1,'entrada','Ha insertado una entrada','2025-09-30 13:19:13'),(430,1,'entrada','Ha insertado una entrada','2025-09-30 13:19:36'),(431,1,'entrada','Ha insertado una entrada','2025-09-30 13:19:50'),(432,1,'entrada','Ha insertado una entrada','2025-09-30 13:20:06'),(433,1,'entrada','Ha insertado una entrada','2025-09-30 13:20:18'),(434,1,'entrada','Ha insertado una entrada','2025-09-30 13:20:26'),(435,1,'entrada','Ha insertado una entrada','2025-09-30 13:20:44'),(436,1,'entrada','Ha insertado una entrada','2025-09-30 13:21:43'),(437,1,'entrada','Ha insertado una entrada','2025-09-30 13:22:40'),(438,1,'entrada','Ha insertado una entrada','2025-09-30 13:22:57'),(439,1,'entrada','Ha eliminado una entrada','2025-09-30 13:23:13'),(440,1,'entrada','Ha eliminado una entrada','2025-09-30 13:28:15'),(441,1,'entrada','Ha insertado una entrada','2025-09-30 13:34:23'),(442,1,'entrada','Ha insertado una entrada','2025-09-30 13:34:36'),(443,1,'entrada','Ha eliminado una entrada','2025-09-30 13:34:50'),(444,1,'entrada','Ha restablecido una entrada','2025-09-30 14:11:44'),(445,1,'entrada','Ha eliminado una entrada','2025-09-30 14:11:57'),(446,1,'doctor','Ha eliminado un doctor','2025-09-30 14:17:32'),(447,1,'doctor','Ha Insertado un doctor','2025-09-30 14:35:57'),(448,1,'doctor','Ha Insertado un doctor','2025-09-30 14:37:45'),(449,1,'doctor','Ha eliminado un doctor','2025-09-30 14:45:36'),(450,1,'inicio sesion','Ha iniciado una session','2025-09-30 18:32:23'),(451,1,'cerrar session','Ha cerrado la session ','2025-09-30 19:22:38'),(452,1,'inicio sesion','Ha iniciado una session','2025-09-30 19:55:03'),(453,1,'cerrar session','Ha cerrado la session ','2025-09-30 20:53:24'),(454,1,'inicio sesion','Ha iniciado una session','2025-09-30 21:06:56'),(455,1,'patologia','Ha Insertado una patologia','2025-10-01 00:31:24'),(456,1,'patologia','Ha eliminado una patologia','2025-10-01 00:51:22'),(457,1,'inicio sesion','Ha iniciado una session','2025-10-01 08:44:30'),(458,1,'patologia','Ha eliminado una patologia','2025-10-01 08:47:47'),(459,1,'factura','Ha facturado servicios y/o insumos','2025-10-01 08:51:26'),(460,1,'doctor','Ha modificado un doctor','2025-10-01 09:13:12'),(461,1,'Consultas','Ha añadido un servicio medico a un doctor','2025-10-01 09:18:41'),(462,1,'cita','Ha Insertado una  cita','2025-10-01 07:42:02'),(463,1,'cita','Ha Insertado una  cita','2025-09-24 07:51:33'),(464,1,'cita','Ha Insertado una  cita','2025-09-24 07:54:41'),(465,1,'inicio sesion','Ha iniciado una session','2025-10-01 15:02:54'),(466,1,'inicio sesion','Ha iniciado una session','2025-10-02 10:40:51'),(467,1,'servicioMedico','Ha modificadp un servicio medico','2025-10-02 10:55:28'),(468,1,'servicioMedico','Ha restablecido un servicio medico','2025-10-02 10:55:52'),(469,1,'servicioMedico','Ha eliminado un   servicio medico','2025-10-02 10:55:59'),(470,1,'doctor','Ha modificado un doctor','2025-10-02 11:16:07'),(471,1,'inicio sesion','Ha iniciado una session','2025-10-02 14:50:10'),(472,1,'insumo','Ha Insertado un insumo','2025-10-02 14:57:12'),(473,1,'insumo','Ha modificado un insumo','2025-10-02 14:59:49'),(474,1,'insumo','Ha modificado un insumo','2025-10-02 15:00:53'),(475,1,'entrada','Ha insertado una entrada','2025-10-02 16:14:17'),(476,1,'proveedor','Ha modificado un proveedor','2025-10-02 23:03:38'),(477,1,'proveedor','Ha modificado un proveedor','2025-10-02 23:03:45'),(478,1,'proveedor','Ha modificado un proveedor','2025-10-02 23:03:55'),(479,1,'proveedor','Ha insertado un proveedor','2025-10-02 23:09:42'),(480,1,'proveedor','Ha modificado un proveedor','2025-10-02 23:10:47'),(481,1,'proveedor','Ha modificado un proveedor','2025-10-02 23:10:54'),(482,1,'proveedor','Ha modificado un proveedor','2025-10-02 23:12:45'),(483,1,'proveedor','Ha modificado un proveedor','2025-10-02 23:14:00'),(484,1,'proveedor','Ha eliminado un proveedor','2025-10-02 23:14:08'),(485,1,'inicio sesion','Ha iniciado una session','2025-10-05 22:17:07'),(486,1,'inicio sesion','Ha iniciado una session','2025-10-05 23:08:20'),(487,1,'inicio sesion','Ha iniciado una session','2025-10-06 00:08:29'),(488,1,'inicio sesion','Ha iniciado una session','2025-10-06 17:29:24'),(489,1,'inicio sesion','Ha iniciado una session','2025-10-06 17:31:52'),(490,1,'servicioMedico','Ha eliminado un   servicio medico','2025-10-07 19:30:08'),(491,1,'inicio sesion','Ha iniciado una session','2025-10-08 08:25:31'),(492,1,'paciente','Ha Insertado un nuevo paciente','2025-10-08 08:53:46'),(493,1,'paciente','Ha modificado un paciente','2025-10-08 08:54:04'),(494,1,'paciente','Ha modificado un paciente','2025-10-08 08:54:28'),(495,1,'paciente','Ha eliminado un  paciente','2025-10-08 08:55:28'),(496,1,'Consultas','Ha añadido un servicio medico a un doctor','2025-10-08 09:01:35'),(497,1,'categoria_servicio','Ha Insertado una nueva  categoria','2025-10-08 09:03:33'),(498,1,'categoria_servicio','Ha eliminado una  categoria','2025-10-08 09:06:23'),(499,1,'categoria_servicio','Ha Insertado una nueva  categoria','2025-10-08 09:07:11'),(500,1,'servicioMedico','Ha Insertado un nuevo  servicio medico','2025-10-08 09:09:56'),(501,1,'Consultas','Ha añadido un servicio medico a un doctor','2025-10-08 09:11:11'),(502,1,'Consultas','Ha añadido un servicio medico a un doctor','2025-10-08 09:12:34'),(503,1,'factura','Ha facturado servicios y/o insumos','2025-10-08 09:24:55'),(504,1,'paciente','Ha Insertado un nuevo paciente','2025-10-08 09:27:35'),(505,1,'cita','Ha Insertado una  cita','2025-10-08 07:29:46'),(506,1,'cita','Ha Insertado una  cita','2025-10-08 07:43:54'),(507,1,'control','Ha Insertado un nuevo  control medico','2025-10-08 09:50:47'),(508,1,'control','Ha Insertado un nuevo  control medico','2025-10-08 09:55:55'),(509,1,'doctor','Ha Insertado un doctor','2025-10-08 09:59:56'),(510,1,'Consultas','Ha añadido un servicio medico a un doctor','2025-10-08 10:00:29'),(511,1,'control','Ha Insertado un nuevo  control medico','2025-10-08 10:01:40'),(512,1,'cerrar session','Ha cerrado la session ','2025-10-08 10:02:22'),(513,52,'inicio sesion','Ha iniciado una session','2025-10-08 10:02:46'),(514,52,'cerrar session','Ha cerrado la session ','2025-10-08 10:03:21'),(515,1,'inicio sesion','Ha iniciado una session','2025-10-08 10:03:40'),(516,1,'Roles','Ha Modiicado un rol','2025-10-08 10:05:15'),(517,1,'cerrar session','Ha cerrado la session ','2025-10-08 10:05:19'),(518,52,'inicio sesion','Ha iniciado una session','2025-10-08 10:05:28'),(519,52,'cerrar session','Ha cerrado la session ','2025-10-08 10:05:48'),(520,1,'inicio sesion','Ha iniciado una session','2025-10-08 10:05:59'),(521,1,'Roles','Ha Modiicado un rol','2025-10-08 10:06:20'),(522,1,'inicio sesion','Ha iniciado una session','2025-10-13 11:11:31'),(523,1,'inicio sesion','Ha iniciado una session','2025-10-14 12:41:30'),(524,1,'doctor','Ha modificado un doctor','2025-10-14 12:42:05'),(525,1,'doctor','Ha modificado un doctor','2025-10-14 12:42:19'),(526,1,'inicio sesion','Ha iniciado una session','2025-10-14 12:51:02'),(527,1,'doctor','Ha modificado un doctor','2025-10-14 13:05:58'),(528,1,'doctor','Ha modificado un doctor','2025-10-14 13:06:08'),(529,1,'cita','Ha Insertado una  cita','2025-10-14 11:10:32'),(530,1,'cita','Ha Insertado una  cita','2025-10-14 12:22:48'),(531,1,'cita','Ha modificado una  cita','2025-10-14 12:42:06'),(532,1,'cita','Ha modificado una  cita','2025-10-14 12:42:12'),(533,1,'cita','Ha modificado una  cita','2025-10-14 12:42:56'),(534,1,'cita','Ha modificado una  cita','2025-10-14 12:43:03'),(535,1,'cita','Ha modificado una  cita','2025-10-14 12:43:12'),(536,1,'cita','Ha modificado una  cita','2025-10-14 12:43:19'),(537,1,'cita','Ha modificado una  cita','2025-10-14 12:43:51'),(538,1,'factura','Ha facturado servicios y/o insumos','2025-10-14 19:48:46'),(539,1,'inicio sesion','Ha iniciado una session','2025-10-14 23:51:48'),(540,1,'Roles','Ha Modiicado un rol','2025-10-14 23:54:24'),(541,1,'Roles','Ha Modiicado un rol','2025-10-14 23:55:17'),(542,1,'Roles','Ha Modiicado un rol','2025-10-15 00:00:22'),(543,1,'Roles','Ha Modiicado un rol','2025-10-15 00:00:32'),(544,1,'Roles','Ha Modiicado un rol','2025-10-15 00:00:51'),(545,1,'Roles','Ha Modiicado un rol','2025-10-15 00:01:08'),(546,1,'Roles','Ha Modiicado un rol','2025-10-15 00:02:20'),(547,1,'Roles','Ha Modiicado un rol','2025-10-15 00:03:28'),(548,1,'Roles','Ha Modiicado un rol','2025-10-15 00:05:02'),(549,1,'Roles','Ha Modiicado un rol','2025-10-15 00:05:26'),(550,1,'Roles','Ha Modiicado un rol','2025-10-15 00:05:50'),(551,1,'Roles','Ha Modiicado un rol','2025-10-15 00:06:00'),(552,1,'Roles','Ha Modiicado un rol','2025-10-15 00:08:37'),(553,1,'Roles','Ha Modiicado un rol','2025-10-15 00:08:47'),(554,1,'Roles','Ha Modiicado un rol','2025-10-15 00:09:05'),(555,1,'Roles','Ha Modiicado un rol','2025-10-15 00:17:17'),(556,1,'Roles','Ha Modiicado un rol','2025-10-15 00:17:37'),(557,1,'Roles','Ha Modiicado un rol','2025-10-15 00:17:50'),(558,1,'Roles','Ha Modiicado un rol','2025-10-15 00:18:14'),(559,1,'Roles','Ha Modiicado un rol','2025-10-15 00:18:33'),(560,1,'Roles','Ha Modiicado un rol','2025-10-15 00:18:47'),(561,1,'cerrar session','Ha cerrado la session ','2025-10-15 00:19:10'),(562,52,'inicio sesion','Ha iniciado una session','2025-10-15 00:19:22'),(563,1,'inicio sesion','Ha iniciado una session','2025-10-19 21:15:49'),(564,1,'hospitalizacion','Ha Insertado una hospitalizacion','2025-10-19 22:16:19'),(565,1,'inicio sesion','Ha iniciado una session','2025-10-20 11:33:50'),(566,1,'inicio sesion','Ha iniciado una session','2025-10-30 18:34:35'),(567,1,'doctor','Ha modificado un doctor','2025-10-30 18:41:17'),(568,1,'doctor','Ha modificado un doctor','2025-10-30 18:41:36'),(569,1,'Consultas','Ha añadido un servicio medico a un doctor','2025-10-30 18:41:50'),(570,1,'hospitalizacion','Ha Insertado una hospitalizacion','2025-10-30 18:43:23'),(571,1,'hospitalizacion','Ha Insertado una hospitalizacion','2025-10-30 18:46:30'),(572,1,'hospitalizacion','Ha Insertado una hospitalizacion','2025-10-30 18:46:30'),(573,1,'hospitalizacion','Ha Insertado una hospitalizacion','2025-10-30 18:47:04'),(574,1,'hospitalizacion','Ha Insertado una hospitalizacion','2025-10-30 19:28:30'),(575,1,'hospitalizacion','Ha Insertado una hospitalizacion','2025-10-30 20:12:38');
/*!40000 ALTER TABLE `bitacora` ENABLE KEYS */;
UNLOCK TABLES;

--
-- Table structure for table `permisos`
--

DROP TABLE IF EXISTS `permisos`;
/*!40101 SET @saved_cs_client     = @@character_set_client */;
/*!40101 SET character_set_client = utf8 */;
CREATE TABLE `permisos` (
  `idpermisos` int(11) NOT NULL AUTO_INCREMENT,
  `id_rol` int(11) NOT NULL,
  `permisos` varchar(200) NOT NULL,
  `modulo` varchar(50) NOT NULL,
  PRIMARY KEY (`idpermisos`),
  KEY `id_rol` (`id_rol`),
  CONSTRAINT `permisos_ibfk_1` FOREIGN KEY (`id_rol`) REFERENCES `rol` (`id_rol`) ON DELETE CASCADE ON UPDATE CASCADE
) ENGINE=InnoDB AUTO_INCREMENT=30 DEFAULT CHARSET=utf8mb4 COLLATE=utf8mb4_general_ci;
/*!40101 SET character_set_client = @saved_cs_client */;

--
-- Dumping data for table `permisos`
--

LOCK TABLES `permisos` WRITE;
/*!40000 ALTER TABLE `permisos` DISABLE KEYS */;
INSERT INTO `permisos` VALUES (1,1,'consultar,guardar,editar,eliminar','Pacientes'),(2,5,'consultar','Pacientes'),(3,6,'consultar,guardar','Pacientes'),(4,7,'consultar,guardar','Pacientes'),(5,7,'consultar,guardar,editar,eliminar','Patologias'),(8,9,'consultar,guardar,editar,eliminar','Pacientes'),(9,9,'consultar,guardar,eliminar','Patologias'),(10,1,'consultar,guardar,editar,eliminar','Roles'),(11,1,'consultar,guardar,editar,eliminar','Usuarios'),(12,10,'consultar,guardar,editar,eliminar','Pacientes'),(13,10,'consultar,guardar,editar,eliminar','Patologias'),(14,10,'consultar,guardar,editar,eliminar','Factura'),(15,10,'consultar,guardar,editar,eliminar','Citas'),(16,10,'consultar,guardar,editar,eliminar','Consultas'),(17,10,'consultar,guardar,editar,eliminar','Doctores'),(18,10,'consultar,guardar,editar,eliminar','Control'),(19,10,'consultar,guardar,editar,eliminar','Hospitalizacion'),(20,10,'consultar,guardar,editar,eliminar','Insumos'),(21,10,'consultar,guardar,editar,eliminar','Entrada'),(22,10,'consultar,guardar,editar,eliminar','Proveedores'),(23,10,'consultar,guardar,editar,eliminar','Usuarios'),(24,10,'consultar,guardar,editar,eliminar','Roles'),(25,10,'consultar,guardar,editar,eliminar','Reportes'),(26,10,'consultar,guardar,editar,eliminar','Estadisticas'),(27,10,'consultar,guardar,editar,eliminar','Mantenimiento'),(28,8,'consultar,guardar,editar','Control'),(29,8,'consultar,editar','Hospitalizacion');
/*!40000 ALTER TABLE `permisos` ENABLE KEYS */;
UNLOCK TABLES;

--
-- Table structure for table `rol`
--

DROP TABLE IF EXISTS `rol`;
/*!40101 SET @saved_cs_client     = @@character_set_client */;
/*!40101 SET character_set_client = utf8 */;
CREATE TABLE `rol` (
  `id_rol` int(11) NOT NULL AUTO_INCREMENT,
  `nombre` varchar(25) CHARACTER SET latin1 COLLATE latin1_swedish_ci NOT NULL,
  `estado` varchar(45) NOT NULL,
  `descripción` varchar(45) NOT NULL,
  PRIMARY KEY (`id_rol`)
) ENGINE=InnoDB AUTO_INCREMENT=11 DEFAULT CHARSET=utf8mb4 COLLATE=utf8mb4_unicode_ci;
/*!40101 SET character_set_client = @saved_cs_client */;

--
-- Dumping data for table `rol`
--

LOCK TABLES `rol` WRITE;
/*!40000 ALTER TABLE `rol` DISABLE KEYS */;
INSERT INTO `rol` VALUES (1,'administrador','ACT','administrador'),(5,'Rol','DES','este es un permiso par los doctores'),(6,'Propio','DES','descripcio'),(7,'Carlos','DES','jfhfdsjddjs'),(8,'Doctor','ACT','en un rol para los doctores'),(9,'Roletazo','DES','es un permiso de pruebas'),(10,'Superadmin','ACT','lsafdfjfd');
/*!40000 ALTER TABLE `rol` ENABLE KEYS */;
UNLOCK TABLES;

--
-- Table structure for table `usuario`
--

DROP TABLE IF EXISTS `usuario`;
/*!40101 SET @saved_cs_client     = @@character_set_client */;
/*!40101 SET character_set_client = utf8 */;
CREATE TABLE `usuario` (
  `id_usuario` int(11) NOT NULL AUTO_INCREMENT,
  `id_rol` int(11) NOT NULL,
  `imagen` varchar(255) NOT NULL,
  `usuario` varchar(100) CHARACTER SET utf8 COLLATE utf8_bin NOT NULL,
  `correo` varchar(100) NOT NULL,
  `password` varchar(255) CHARACTER SET utf8 COLLATE utf8_bin NOT NULL,
  `estado` varchar(25) CHARACTER SET utf8 COLLATE utf8_bin NOT NULL,
  PRIMARY KEY (`id_usuario`),
  KEY `id_rol` (`id_rol`),
  CONSTRAINT `usuario_ibfk_1` FOREIGN KEY (`id_rol`) REFERENCES `rol` (`id_rol`) ON DELETE CASCADE ON UPDATE CASCADE
) ENGINE=InnoDB AUTO_INCREMENT=53 DEFAULT CHARSET=utf8mb4 COLLATE=utf8mb4_unicode_ci;
/*!40101 SET character_set_client = @saved_cs_client */;

--
-- Dumping data for table `usuario`
--

LOCK TABLES `usuario` WRITE;
/*!40000 ALTER TABLE `usuario` DISABLE KEYS */;
INSERT INTO `usuario` VALUES (1,10,'','WDaniel123','wbaez975@gmail.com','$2y$10$1bMoW4177.FH45HrSHx/KOVV.LBAbDXnaGn1nMx3OtJ3MAah2NYnq','ACT'),(42,8,'img30.png','Usuario123','WDaniel123@gmail.com','$2y$10$1bMoW4177.FH45HrSHx/KOVV.LBAbDXnaGn1nMx3OtJ3MAah2NYnq','DES'),(43,8,'img23.jpg','Usuario','WDaniel143@gmail.com','$2y$10$80gqRMUNCdZY2z7rKB7CxeCTQtH2zSJ/WdNBtaQ1/pHVyLWqNZvOW','ACT'),(45,8,'doctor.png','yuE23','wbaez975@gmail.com','$2y$10$ohxfRe.SGkI.b83el1Sqxu9eFyeA4IyFIjLafFnlaosIxMLvschm.','DES'),(46,8,'doctor.png','weq','wbaez975@gmail.com','$2y$10$WAANXp7gXMUe5ZixhhN4IOOfGrqKYsv7PeHzhf8cgf8xd56nTbqly','ACT'),(52,8,'doctor.png','WDaniel1','wbaez975@gmail.com','$2y$10$PYYiGKo3RDTI3JN6eiR6lexHNG90m0WWC1VgAg0cmhKfw3LCmXdaS','ACT');
/*!40000 ALTER TABLE `usuario` ENABLE KEYS */;
UNLOCK TABLES;

--
-- Dumping events for database 'segurity'
--

--
-- Dumping routines for database 'segurity'
--
/*!40103 SET TIME_ZONE=@OLD_TIME_ZONE */;

/*!40101 SET SQL_MODE=@OLD_SQL_MODE */;
/*!40014 SET FOREIGN_KEY_CHECKS=@OLD_FOREIGN_KEY_CHECKS */;
/*!40014 SET UNIQUE_CHECKS=@OLD_UNIQUE_CHECKS */;
/*!40101 SET CHARACTER_SET_CLIENT=@OLD_CHARACTER_SET_CLIENT */;
/*!40101 SET CHARACTER_SET_RESULTS=@OLD_CHARACTER_SET_RESULTS */;
/*!40101 SET COLLATION_CONNECTION=@OLD_COLLATION_CONNECTION */;
/*!40111 SET SQL_NOTES=@OLD_SQL_NOTES */;

-- Dump completed on 2025-10-30 20:15:53
